model,acc_mean,acc_std,f1_mean,f1_std
Baseline (Tuned),0.7862395543175488,0.002123944015677803,0.19054717620853906,0.011798000000579473
Fairlearn DP (Sex),0.8179944289693593,0.0025490128786035335,0.47766357950818694,0.011887659624197387
Fairlearn EG (Sex),0.8195821727019499,0.001992373787437036,0.4906279207547389,0.014173953432793046
Preprocessing (Sex),0.8232590529247912,0.002332193391524738,0.5187305191528396,0.009671693076849893
Preprocessing (Race),0.827075208913649,0.002530989792000113,0.5248135469493416,0.008235036127072548
